AREA_EN,PROP_TYPE_EN,ROOMS_EN,MIN_PRICE,MAX_PRICE,MEDIAN_PRICE,MEDIAN_AREA
AL BARARI,Unit,1 B/R,1750000.0,4000000.0,2776550.0,176.34
AL BARARI,Unit,2 B/R,2830000.0,7300000.0,4175000.0,263.82
AL BARARI,Unit,3 B/R,6100000.0,9300000.0,7575000.0,363.41
AL BARARI,Unit,Studio,1112500.0,1280000.0,1196250.0,44.86
AL FURJAN,Building,3 B/R,1072500.0,5800000.0,2975000.0,181.72
AL FURJAN,Building,4 B/R,500000.0,5850000.0,3400000.0,224.0
AL FURJAN,Unit,1 B/R,350000.0,1760682.0,934070.0,74.93
AL FURJAN,Unit,2 B/R,763500.0,3375531.0,1417878.0,121.69
AL FURJAN,Unit,3 B/R,1291762.5,2975000.0,2000000.0,172.48
AL FURJAN,Unit,4 B/R,2219005.8,2641646.0,2439070.0,279.45
AL FURJAN,Unit,5 B/R,6700000.0,6700000.0,6700000.0,752.48
AL FURJAN,Unit,Shop,593350.0,2028732.93,1040000.0,55.61
AL FURJAN,Unit,Studio,250000.0,770000.0,496850.0,36.05
AL KHAIL HEIGHTS,Building,5 B/R,3170000.0,3700000.0,3250000.0,574.88
AL KHAIL HEIGHTS,Building,6 B/R,2350000.0,4000000.0,3250000.0,717.18
AL KHAIL HEIGHTS,Unit,1 B/R,337000.0,1000000.0,775000.0,99.5
AL KHAIL HEIGHTS,Unit,2 B/R,1100000.0,1650000.0,1250000.0,145.70999999999998
AL KHAIL HEIGHTS,Unit,3 B/R,1500000.0,1500000.0,1500000.0,182.11
AL KHAIL HEIGHTS,Unit,5 B/R,1740000.0,2500000.0,1950000.0,342.15999999999997
AL KHAIL HEIGHTS,Unit,Studio,345000.0,580000.0,499000.0,58.25
AL WAHA,Unit,2 B/R,993843.0,1840000.0,1275483.8,169.46
ARABIAN RANCHES I,Building,2 B/R,2000000.0,6000000.0,2875000.0,209.17
ARABIAN RANCHES I,Building,3 B/R,350000.0,6300000.0,3950000.0,324.12
ARABIAN RANCHES II,Building,3 B/R,1492888.0,3350000.0,2975000.0,177.92000000000002
ARABIAN RANCHES II,Building,4 B/R,3400000.0,4400000.0,3800000.0,274.7
ARABIAN RANCHES III,Building,3 B/R,1000000.0,3100000.0,2500000.0,131.245
ARABIAN RANCHES III,Building,4 B/R,2357888.0,4200000.0,3450000.0,235.09
ARJAN,Unit,1 B/R,438690.0,1555828.0,1041814.0,75.34
ARJAN,Unit,2 B/R,400000.0,2772489.0,1500000.0,116.75
ARJAN,Unit,3 B/R,750000.0,3250000.0,2217037.0,187.03
ARJAN,Unit,Office,112000.0,1800000.0,525500.0,58.1
ARJAN,Unit,Shop,232447.62,2414791.0,925000.0,73.72
ARJAN,Unit,Studio,192643.0,1012888.0,609070.5,40.16
Al Barsha First,Unit,1 B/R,498000.0,1200000.0,910000.0,76.22
Al Barsha First,Unit,2 B/R,1360000.0,1640000.0,1472500.0,121.475
Al Barsha First,Unit,Studio,665477.67,665477.67,665477.67,55.46
Al Barshaa South Third,Unit,1 B/R,500000.0,880000.0,650000.0,76.36
Al Barshaa South Third,Unit,2 B/R,935000.0,1150000.0,980000.0,102.27
Al Hebiah Fifth,Unit,1 B/R,900000.0,1555290.0,1265000.0,71.47
Al Hebiah Fifth,Unit,2 B/R,1551120.0,2633000.0,1937000.0,104.53
Al Hebiah Fourth,Building,3 B/R,1187500.0,8343500.0,3080000.0,142.12
Al Hebiah Fourth,Building,4 B/R,1263500.0,8470000.0,7051000.0,344.92
Al Hebiah Fourth,Building,5 B/R,7482000.0,34000000.0,8447000.0,344.94
Al Hebiah Sixth,Building,3 B/R,430000.0,3700000.0,2671000.0,168.06
Al Hebiah Sixth,Building,4 B/R,2550000.0,4279000.0,3295000.0,254.49
Al Jadaf,Unit,1 B/R,1169000.0,10000000.0,1325000.0,80.15
Al Jadaf,Unit,2 B/R,2100000.0,15231000.0,12115300.0,247.15
Al Jadaf,Unit,3 B/R,3200000.0,22577000.0,18145477.5,319.33
Al Jadaf,Unit,4 B/R,37000000.0,50000000.0,43425000.0,851.51
Al Jadaf,Unit,Studio,742500.0,930000.0,860000.0,42.08
Al Khairan First,Unit,1 B/R,1574888.0,2515888.0,1961388.0,69.84
Al Khairan First,Unit,2 B/R,2395888.0,4187888.0,3029888.0,107.33
Al Khairan First,Unit,3 B/R,1879888.0,7327888.0,4909888.0,164.89
Al Kheeran,Building,4 B/R,5420000.0,7900000.0,6660000.0,375.82
Al Kheeran,Unit,1 B/R,1400000.0,2004000.0,1475000.0,103.555
Al Kheeran,Unit,2 B/R,1820000.0,3368000.0,2581500.0,156.44
Al Kheeran,Unit,3 B/R,1687500.0,5350000.0,3375000.0,237.7
Al Kheeran,Unit,4 B/R,4980000.0,9574000.0,7411000.0,474.67
Al Kifaf,Unit,1 B/R,160000.0,2050000.0,1704777.0,69.46
Al Kifaf,Unit,2 B/R,1835777.0,4000000.0,2354777.0,107.77
Al Kifaf,Unit,3 B/R,2900000.0,8323619.0,3338277.0,151.65
Al Kifaf,Unit,4 B/R,4356777.0,5342777.0,4442777.0,189.39
Al Merkadh,Unit,1 B/R,842000.0,2221045.0,1591800.0,72.945
Al Merkadh,Unit,2 B/R,1725000.0,3964800.0,2642300.0,115.97
Al Merkadh,Unit,3 B/R,1950000.0,9273800.0,4377800.0,184.19
Al Merkadh,Unit,4 B/R,12553800.0,12603800.0,12553800.0,419.02
Al Qusais Industrial Fourth,Unit,1 B/R,410000.0,490000.0,450000.0,58.69
Al Satwa,Unit,1 B/R,891306.0,2188321.5,1293552.23,69.36
Al Satwa,Unit,2 B/R,1665314.0,2836350.0,1840401.85,93.45
Al Satwa,Unit,Studio,756101.0,1220000.0,1030000.0,36.86
Al Thanyah Fifth,Unit,1 B/R,1718828.0,2768828.0,2347828.0,87.37
Al Thanyah Fifth,Unit,2 B/R,2515828.0,4463828.0,3684828.0,147.72
Al Thanyah Fifth,Unit,3 B/R,4472828.0,6532828.0,5268828.0,198.22
Al Thanyah Fifth,Unit,4 B/R,28601828.0,28601828.0,28601828.0,878.53
Al Thanyah Fifth,Unit,Studio,1058828.0,1478828.0,1295828.0,51.1
Al Thanyah Third,Building,3 B/R,4975000.0,4975000.0,4975000.0,269.89
Al Wasl,Unit,1 B/R,1059000.0,2993000.0,2209000.0,74.55
Al Wasl,Unit,2 B/R,195200.0,5336000.0,3528000.0,114.12
Al Wasl,Unit,3 B/R,4679000.0,11779000.0,6222500.0,200.21
Al Wasl,Unit,4 B/R,8853000.0,19527000.0,13360500.0,356.425
Al Wasl,Unit,5 B/R,13585500.0,39560000.0,29665000.0,798.77
Al Wasl,Unit,Studio,500000.0,750000.0,588000.0,23.12
Al Yelayiss 2,Building,3 B/R,1815888.0,2770000.0,2300000.0,187.92
Al Yelayiss 2,Building,4 B/R,1950888.0,3600000.0,2825000.0,268.54
Al Yelayiss 2,Unit,1 B/R,680000.0,1100888.0,846888.0,61.87
Al Yelayiss 2,Unit,2 B/R,854444.0,1848888.0,1285888.0,95.66
Al Yelayiss 2,Unit,3 B/R,1400000.0,2900888.0,1695388.0,141.82
Al Yelayiss 2,Unit,Studio,460888.0,540888.0,525888.0,30.95
Al Yufrah 1,Building,3 B/R,500000.0,3930888.0,2765888.0,180.0
Al Yufrah 1,Building,4 B/R,270000.0,5077888.0,3428888.0,314.96000000000004
Al Yufrah 1,Building,5 B/R,4770001.0,6235888.0,5406888.0,459.55
BARSHA HEIGHTS,Unit,1 B/R,700000.0,1646700.0,1028939.6,54.98
BARSHA HEIGHTS,Unit,2 B/R,900000.0,2173630.0,1500000.0,121.45
BARSHA HEIGHTS,Unit,3 B/R,1880000.0,2400000.0,2000000.0,203.42
BARSHA HEIGHTS,Unit,Office,350000.0,4460308.0,1547000.0,138.62
BARSHA HEIGHTS,Unit,Studio,300000.0,1800000.0,793772.0,30.369999999999997
BLUEWATERS,Unit,1 B/R,3000000.0,6500000.0,4975000.0,107.18
BLUEWATERS,Unit,2 B/R,375000.0,11286000.0,7800000.0,154.16
BLUEWATERS,Unit,3 B/R,9000000.0,16250000.0,12200000.0,194.84
BLUEWATERS,Unit,4 B/R,600000.0,29800000.0,21950000.0,410.75
BLUEWATERS,Unit,5 B/R,50000000.0,50000000.0,50000000.0,873.76
BURJ KHALIFA,Unit,1 B/R,51615.73,5758370.0,2126404.0,78.66
BURJ KHALIFA,Unit,2 B/R,44540.37,20724154.0,3575000.0,128.02
BURJ KHALIFA,Unit,3 B/R,228208.81,34293804.0,5600000.0,170.76
BURJ KHALIFA,Unit,4 B/R,3765500.0,80000000.0,16800000.0,343.72
BURJ KHALIFA,Unit,5 B/R,14300000.0,48000000.0,20732272.5,528.425
BURJ KHALIFA,Unit,6 B/R,13250000.0,65000000.0,39550000.0,677.72
BURJ KHALIFA,Unit,Office,3907017.0,26635775.0,12522500.0,317.64
BURJ KHALIFA,Unit,Shop,5341276.0,17780000.0,5535925.0,102.86
BURJ KHALIFA,Unit,Studio,14749.3,2600000.0,1330000.0,43.62
BUSINESS BAY,Unit,1 B/R,23647.43,4952380.95,1634944.0,71.595
BUSINESS BAY,Unit,2 B/R,81415.3,26500000.0,2532046.0,121.97
BUSINESS BAY,Unit,3 B/R,1338346.0,110100000.0,4361828.0,181.02
BUSINESS BAY,Unit,4 B/R,2400000.0,91350000.0,7443000.0,407.66
BUSINESS BAY,Unit,5 B/R,9000000.0,139000000.0,45665000.0,1223.07
BUSINESS BAY,Unit,6 B/R,16000000.0,58000000.0,26300000.0,642.38
BUSINESS BAY,Unit,Office,106391.86,23772808.0,1380557.0,94.39
BUSINESS BAY,Unit,PENTHOUSE,2000000.0,8300000.0,3300000.0,213.58
BUSINESS BAY,Unit,Shop,310650.0,9100000.0,1702084.0,96.06
BUSINESS BAY,Unit,Studio,24845.72,6784000.0,1147039.0,38.71
Bukadra,Unit,1 B/R,1020000.0,2429675.0,1663552.0,64.93
Bukadra,Unit,2 B/R,2021731.0,4243549.0,2494756.0,97.75
Bukadra,Unit,3 B/R,3435180.0,4487867.0,3971868.0,154.07
Business Bay,Unit,1 B/R,1000000.0,2950000.0,2000000.0,71.5
Business Bay,Unit,2 B/R,1709160.0,4520000.0,3321500.0,138.35500000000002
Business Bay,Unit,3 B/R,5310000.0,6606000.0,5723000.0,205.07
Business Bay,Unit,Studio,908151.0,1888888.0,1400000.0,50.62
CHERRYWOODS,Building,3 B/R,2250000.0,3275000.0,2700000.0,180.1
CHERRYWOODS,Building,4 B/R,1000000.0,4050000.0,3565000.0,252.01999999999998
CITY OF ARABIA,Unit,1 B/R,440000.0,1570000.0,1038860.0,73.96
CITY OF ARABIA,Unit,2 B/R,850000.0,2146000.0,1609180.0,132.37
CITY OF ARABIA,Unit,Studio,570000.0,903000.0,761500.0,54.87
CITY WALK,Unit,1 B/R,1570000.0,3200000.0,2200000.0,91.38
CITY WALK,Unit,2 B/R,58010.64,6100000.0,3700000.0,161.99
CITY WALK,Unit,3 B/R,1456.22,12300000.0,5275000.0,216.57
CITY WALK,Unit,4 B/R,4810000.0,23000000.0,9250000.0,391.96
DAMAC HILLS,Unit,1 B/R,284000.0,2040000.0,1063060.0,62.68
DAMAC HILLS,Unit,2 B/R,780000.0,3105000.0,1793710.0,120.03
DAMAC HILLS,Unit,3 B/R,1650000.0,3750000.0,2310500.0,194.22000000000003
DAMAC HILLS,Unit,Studio,240000.0,1074760.0,540000.0,38.28
DISCOVERY GARDENS,Unit,1 B/R,130511.58,1100000.0,650000.0,89.0
DISCOVERY GARDENS,Unit,2 B/R,1000000.0,1355832.58,1138334.25,130.87
DISCOVERY GARDENS,Unit,Studio,55192.0,600000.0,435000.0,45.0
DMCC-EZ2,Unit,Single Room,150000.0,150000.0,150000.0,11.33
DOWN TOWN JABAL ALI,Unit,1 B/R,230000.0,1168407.0,957442.0,72.6
DOWN TOWN JABAL ALI,Unit,2 B/R,610000.0,1685113.0,1522232.5,107.92
DOWN TOWN JABAL ALI,Unit,3 B/R,791660.0,2312917.0,1412353.0,142.82999999999998
DOWN TOWN JABAL ALI,Unit,Shop,868916.0,899655.0,884285.5,27.245
DOWN TOWN JABAL ALI,Unit,Studio,200000.0,661060.0,574981.5,34.4
DUBAI CREEK HARBOUR,Unit,1 B/R,276000.0,3916888.0,1706888.0,65.87
DUBAI CREEK HARBOUR,Unit,2 B/R,46628.0,7000000.0,2760888.0,108.22
DUBAI CREEK HARBOUR,Unit,3 B/R,20000.0,9000000.0,3712398.5,154.83
DUBAI CREEK HARBOUR,Unit,4 B/R,2000000.0,11000000.0,7275000.0,277.935
DUBAI CREEK HARBOUR,Unit,5 B/R,18836888.0,18836888.0,18836888.0,761.39
DUBAI DESIGN DISTRICT,Unit,1 B/R,1704205.0,2764000.0,2205500.0,75.565
DUBAI DESIGN DISTRICT,Unit,2 B/R,2650000.0,3548000.0,3380000.0,110.06
DUBAI DESIGN DISTRICT,Unit,3 B/R,3400000.0,8276000.0,4370000.0,143.7
DUBAI GOLF CITY,Building,4 B/R,3300000.0,4700000.0,3900000.0,290.76
DUBAI HARBOUR,Unit,1 B/R,1366667.0,4526888.0,2800000.0,70.72
DUBAI HARBOUR,Unit,2 B/R,2475000.0,8135888.0,5000000.0,120.23
DUBAI HARBOUR,Unit,3 B/R,700000.0,15000000.0,7500000.0,173.11
DUBAI HARBOUR,Unit,4 B/R,7498888.0,32000000.0,13600000.0,251.945
DUBAI HARBOUR,Unit,5 B/R,33650888.0,33650888.0,33650888.0,488.38
DUBAI HEALTHCARE CITY - PHASE 1,Unit,Studio,7123.0,1250000.0,940000.0,57.14
DUBAI HEALTHCARE CITY - PHASE 2,Unit,1 B/R,558000.0,3600000.0,1200000.0,63.16
DUBAI HEALTHCARE CITY - PHASE 2,Unit,2 B/R,619520.0,5800000.0,1743825.0,115.94
DUBAI HEALTHCARE CITY - PHASE 2,Unit,3 B/R,800000.07,11000000.0,2005000.0,178.87
DUBAI HEALTHCARE CITY - PHASE 2,Unit,Studio,420000.0,2525000.0,660000.0,33.74
DUBAI HILLS,Building,3 B/R,2400000.0,9100000.0,4100000.0,199.335
DUBAI HILLS,Building,4 B/R,2000000.0,11725000.0,4700000.0,277.555
DUBAI HILLS,Building,5 B/R,4000000.0,6200000.0,5300000.0,292.78
DUBAI HILLS,Unit,1 B/R,690444.0,2334828.0,1550000.0,67.07
DUBAI HILLS,Unit,2 B/R,12850.0,4200000.0,2463388.0,103.965
DUBAI HILLS,Unit,3 B/R,1300000.0,6285888.0,3791888.0,143.54
DUBAI HILLS,Unit,4 B/R,6113828.0,6223828.0,6168828.0,225.385
DUBAI HILLS,Unit,Studio,667547.0,1190000.0,1000000.0,38.48
DUBAI INDUSTRIAL CITY,Building,1 B/R,420000.0,600000.0,560000.0,56.52
DUBAI INDUSTRIAL CITY,Building,2 B/R,900000.0,1449828.0,1085455.0,151.06
DUBAI INDUSTRIAL CITY,Building,3 B/R,780000.0,1200000.0,927500.0,135.235
DUBAI INDUSTRIAL CITY,Building,4 B/R,1400000.0,1400000.0,1400000.0,355.71
DUBAI INDUSTRIAL CITY,Unit,1 B/R,508840.68,1000119.0,782695.0,69.91
DUBAI INDUSTRIAL CITY,Unit,2 B/R,755510.0,1457444.0,1050357.0,92.16
DUBAI INDUSTRIAL CITY,Unit,Studio,315402.52,620867.0,433850.0,39.16
DUBAI INVESTMENT PARK FIRST,Building,3 B/R,708750.0,5400000.0,4560000.0,375.0
DUBAI INVESTMENT PARK FIRST,Building,4 B/R,818598.0,9310000.0,5000000.0,839.765
DUBAI INVESTMENT PARK FIRST,Building,5 B/R,7500000.0,9250000.0,8200000.0,1137.81
DUBAI INVESTMENT PARK FIRST,Unit,1 B/R,405000.0,1450000.0,800000.0,69.22
DUBAI INVESTMENT PARK FIRST,Unit,2 B/R,952782.6,2200000.0,1161649.82,103.77
DUBAI INVESTMENT PARK FIRST,Unit,3 B/R,1331254.94,3325000.0,1529295.2200000002,138.43
DUBAI INVESTMENT PARK FIRST,Unit,4 B/R,3250000.0,3250000.0,3250000.0,467.63
DUBAI INVESTMENT PARK FIRST,Unit,Office,155000.0,1783580.0,500000.0,110.1
DUBAI INVESTMENT PARK FIRST,Unit,Shop,250000.0,915000.0,605000.0,134.49
DUBAI INVESTMENT PARK FIRST,Unit,Studio,385000.0,515000.0,445000.0,47.25
DUBAI INVESTMENT PARK SECOND,Unit,1 B/R,390000.0,580000.0,430000.0,78.38499999999999
DUBAI INVESTMENT PARK SECOND,Unit,2 B/R,700000.0,1000000.0,821234.95,143.29
DUBAI INVESTMENT PARK SECOND,Unit,3 B/R,915000.0,1520000.0,1236239.0,241.86
DUBAI INVESTMENT PARK SECOND,Unit,Office,330000.0,330000.0,330000.0,45.56
DUBAI INVESTMENT PARK SECOND,Unit,Studio,150000.0,427939.39,319000.0,44.82
DUBAI LAND RESIDENCE COMPLEX,Unit,1 B/R,380000.0,1219097.52,872927.03,74.86
DUBAI LAND RESIDENCE COMPLEX,Unit,2 B/R,200000.0,2400000.0,1035000.0,113.86
DUBAI LAND RESIDENCE COMPLEX,Unit,3 B/R,800000.0,2604042.0,1366118.88,138.34
DUBAI LAND RESIDENCE COMPLEX,Unit,Shop,2400000.0,3500000.0,3300000.0,240.53
DUBAI LAND RESIDENCE COMPLEX,Unit,Studio,175000.0,966389.0,604311.3,39.75
DUBAI MARINA,Building,3 B/R,6400000.0,8000000.0,6500000.0,310.54
DUBAI MARINA,Unit,1 B/R,2066.61,3670000.0,1550000.0,78.49
DUBAI MARINA,Unit,2 B/R,90518.45,8098000.0,2572500.0,129.2
DUBAI MARINA,Unit,3 B/R,89801.68,15500000.0,3752000.0,199.38
DUBAI MARINA,Unit,4 B/R,1700000.0,28563000.0,6500000.0,308.99
DUBAI MARINA,Unit,5 B/R,6943609.0,108830000.0,13000000.0,648.65
DUBAI MARINA,Unit,Office,5649220.04,11500000.0,8475000.0,336.48
DUBAI MARINA,Unit,PENTHOUSE,2800000.0,11000000.0,5557423.0,316.24
DUBAI MARINA,Unit,Shop,935503.0,13510280.0,3253004.0,231.51
DUBAI MARINA,Unit,Studio,27647.0,2800000.0,770196.0,15.94
DUBAI MARITIME CITY,Unit,1 B/R,1276200.0,2728324.0,1758500.0,69.2
DUBAI MARITIME CITY,Unit,2 B/R,1785000.0,4692270.0,2681000.0,110.02
DUBAI MARITIME CITY,Unit,3 B/R,2615000.0,7325216.0,4101530.0,176.12
DUBAI MARITIME CITY,Unit,4 B/R,5222400.0,8131175.0,5668000.0,273.14
DUBAI MARITIME CITY,Unit,Studio,799822.74,1700000.0,1212000.0,39.71
DUBAI PRODUCTION CITY,Unit,1 B/R,23329.4,1240920.0,900000.0,73.14
DUBAI PRODUCTION CITY,Unit,2 B/R,558000.0,1820124.0,1340742.0,112.6
DUBAI PRODUCTION CITY,Unit,3 B/R,928003.0,2199903.63,1432500.0,150.25
DUBAI PRODUCTION CITY,Unit,Shop,1840000.0,4900555.0,3370277.5,165.74
DUBAI PRODUCTION CITY,Unit,Studio,7011.75,800928.0,608256.0,38.91
DUBAI SCIENCE PARK,Unit,1 B/R,402500.0,4000000.0,1200000.0,76.95
DUBAI SCIENCE PARK,Unit,2 B/R,850000.0,4548505.0,1574777.0,118.69
DUBAI SCIENCE PARK,Unit,3 B/R,2050000.0,5145777.0,2463000.0,196.84
DUBAI SCIENCE PARK,Unit,Studio,399493.0,1061000.0,779388.5,42.68
DUBAI SOUTH,Building,2 B/R,1814729.59,2300000.0,1990000.0,131.59
DUBAI SOUTH,Building,3 B/R,2275000.0,2950000.0,2455000.0,140.25
DUBAI SOUTH,Building,4 B/R,3100000.0,3800000.0,3475000.0,228.325
DUBAI SOUTH,Unit,1 B/R,188383.11,1248606.0,600000.0,74.59
DUBAI SOUTH,Unit,2 B/R,486600.0,2050000.0,994025.0,115.87
DUBAI SOUTH,Unit,3 B/R,368902.32,2600000.0,1676587.5,155.5
DUBAI SOUTH,Unit,Shop,550000.0,664000.0,607000.0,37.315
DUBAI SOUTH,Unit,Studio,124191.27,620000.0,390000.0,38.89
DUBAI SPORTS CITY,Unit,1 B/R,24402.86,1648911.0,780000.0,71.35
DUBAI SPORTS CITY,Unit,2 B/R,80000.0,2020000.0,1220500.0,93.16
DUBAI SPORTS CITY,Unit,3 B/R,700000.0,2506189.64,1726000.0,112.55
DUBAI SPORTS CITY,Unit,Office,300000.0,4254066.01,945000.0,121.895
DUBAI SPORTS CITY,Unit,Studio,1377.49,1335000.0,612000.0,36.31
DUBAI STUDIO CITY,Unit,1 B/R,345000.0,1269608.5,843000.0,60.9
DUBAI STUDIO CITY,Unit,2 B/R,637000.0,1541310.0,1184080.0,109.15
DUBAI STUDIO CITY,Unit,3 B/R,1170000.0,2186000.0,1262500.0,153.04
DUBAI STUDIO CITY,Unit,Studio,175000.0,792800.0,511280.0,33.26
DUBAI WATER CANAL,Unit,1 B/R,626762.0,5786000.0,2029126.0,87.12
DUBAI WATER CANAL,Unit,2 B/R,1400000.0,32700000.0,3888156.0,138.03
DUBAI WATER CANAL,Unit,3 B/R,3341364.0,38800000.0,11823500.0,261.24
DUBAI WATER CANAL,Unit,4 B/R,11058918.35,72000000.0,31500000.0,566.1
DUBAI WATER CANAL,Unit,5 B/R,43500000.0,60000000.0,50000000.0,865.24
DUBAI WATER CANAL,Unit,6 B/R,56350000.0,140000000.0,67000000.0,1167.25
DUBAI WATER CANAL,Unit,Studio,3784000.0,3784000.0,3784000.0,75.11
DUBAI WATER FRONT,Unit,1 B/R,380000.0,912500.0,441339.0,65.805
DUBAI WATER FRONT,Unit,2 B/R,360000.0,650000.0,595000.0,94.39500000000001
DUBAI WATER FRONT,Unit,3 B/R,730000.0,800000.0,765000.0,131.13
DUBAI WATER FRONT,Unit,Studio,225000.0,423000.0,300000.0,47.59
Dubai Investment Park First,Building,1 B/R,498200.0,747000.0,663170.0,56.725
Dubai Investment Park First,Building,2 B/R,768950.0,1203650.0,950000.0,121.61
Dubai Investment Park First,Building,3 B/R,1000000.0,1435500.0,1133450.0,193.39
Dubai Investment Park First,Building,4 B/R,1050000.0,2161000.0,1286000.0,119.47
Dubai Investment Park First,Unit,1 B/R,429131.0,600387.0,538256.5,60.99
Dubai Investment Park First,Unit,2 B/R,634000.0,756465.0,665317.0,85.76
Dubai Investment Park First,Unit,3 B/R,764025.0,829994.0,784260.0,120.74
Dubai Investment Park First,Unit,Studio,316033.0,459151.0,377168.0,33.629999999999995
Dubai Investment Park Second,Building,4 B/R,1088672.0,3075000.0,2478000.0,144.02
Dubai Investment Park Second,Building,5 B/R,3180000.0,5082000.0,3816000.0,236.38
EMAAR SOUTH,Building,3 B/R,1096888.0,2450000.0,1750000.0,141.04500000000002
EMAAR SOUTH,Building,4 B/R,1459888.0,3100000.0,2300000.0,266.55
EMAAR SOUTH,Unit,1 B/R,630000.0,1200000.0,908888.0,63.09
EMAAR SOUTH,Unit,2 B/R,500000.0,1867888.0,1308888.0,98.73
EMAAR SOUTH,Unit,3 B/R,1384000.0,2804888.0,2150000.0,192.4
EMIRATE LIVING,Building,2 B/R,1000000.0,4225000.0,2837500.0,204.8
EMIRATE LIVING,Building,3 B/R,1600000.0,12500000.0,4450000.0,327.9
GRAND VIEWS,Building,4 B/R,3600000.0,6800000.0,4700000.0,218.02
HORIZON,Unit,1 B/R,1000000.0,1928828.0,1555828.0,73.23
HORIZON,Unit,2 B/R,1825000.0,2958828.0,2426828.0,114.79
HORIZON,Unit,3 B/R,3211828.0,4053828.0,3817828.0,196.48
HORIZON,Unit,4 B/R,4243828.0,4243828.0,4243828.0,194.72
Hadaeq Sheikh Mohammed Bin Rashid,Building,2 B/R,2500000.0,2870000.0,2637500.0,131.97
Hadaeq Sheikh Mohammed Bin Rashid,Unit,1 B/R,674715.0,2599600.0,1650888.0,69.43
Hadaeq Sheikh Mohammed Bin Rashid,Unit,2 B/R,1600000.0,3939200.0,2812888.0,103.33
Hadaeq Sheikh Mohammed Bin Rashid,Unit,3 B/R,3027888.0,6963888.0,4099444.0,155.425
Hadaeq Sheikh Mohammed Bin Rashid,Unit,Studio,971520.0,1154880.0,1097760.0,39.42
INTERNATIONAL CITY PH 1,Unit,1 B/R,100000.0,775000.0,385000.0,68.0
INTERNATIONAL CITY PH 1,Unit,2 B/R,150000.0,1370000.0,595000.0,96.575
INTERNATIONAL CITY PH 1,Unit,3 B/R,513031.0,1850000.0,1450000.0,221.47
INTERNATIONAL CITY PH 1,Unit,4 B/R,960000.0,960000.0,960000.0,170.29
INTERNATIONAL CITY PH 1,Unit,Office,732000.0,1450000.0,971135.0,124.605
INTERNATIONAL CITY PH 1,Unit,Shop,499603.0,1550000.0,600000.0,61.0
INTERNATIONAL CITY PH 1,Unit,Studio,40970.4,488000.0,280000.0,44.97
INTERNATIONAL CITY PH 2 & 3,Unit,1 B/R,355000.0,1024680.0,609209.0,71.64
INTERNATIONAL CITY PH 2 & 3,Unit,2 B/R,200000.0,1350050.0,876800.0,100.44
INTERNATIONAL CITY PH 2 & 3,Unit,3 B/R,2500096.0,2500569.0,2500332.5,201.255
INTERNATIONAL CITY PH 2 & 3,Unit,4 B/R,2050000.0,2800000.0,2750000.0,393.67
INTERNATIONAL CITY PH 2 & 3,Unit,Studio,233000.0,728628.0,396223.8,44.54
Island 2,Building,3 B/R,10000000.0,21000000.0,20000000.0,275.77
Island 2,Building,4 B/R,23000000.0,25000000.0,23000000.0,417.42
Island 2,Building,5 B/R,31000000.0,31000000.0,31000000.0,459.23
Island 2,Unit,4 B/R,69000000.0,78000000.0,70000000.0,601.56
Island 2,Unit,5 B/R,137350000.0,148154000.0,140450000.0,1082.74
JADDAF WATERFRONT,Unit,1 B/R,500000.0,2064828.0,905000.0,64.14
JADDAF WATERFRONT,Unit,2 B/R,900000.0,5200000.0,2036828.0,121.52
JADDAF WATERFRONT,Unit,3 B/R,1480168.0,8360000.0,3313828.0,179.38
JADDAF WATERFRONT,Unit,4 B/R,2302067.0,15250000.0,5125000.0,316.585
JADDAF WATERFRONT,Unit,5 B/R,20000000.0,20000000.0,20000000.0,992.03
JADDAF WATERFRONT,Unit,6 B/R,25000000.0,25000000.0,25000000.0,1330.88
JADDAF WATERFRONT,Unit,Studio,450000.0,1171828.0,630000.0,36.0
JUMEIRA BAY,Unit,1 B/R,11000000.0,15000000.0,12000000.0,146.0
JUMEIRA BAY,Unit,2 B/R,14799000.0,31000000.0,24000000.0,180.02
JUMEIRA BAY,Unit,3 B/R,15000000.0,54000000.0,32500000.0,250.67
JUMEIRA BAY,Unit,4 B/R,70000000.0,70000000.0,70000000.0,852.13
JUMEIRAH BEACH RESIDENCE,Unit,1 B/R,613000.0,4000000.0,1875000.0,102.25
JUMEIRAH BEACH RESIDENCE,Unit,2 B/R,1200000.0,10300000.0,2400000.0,129.3
JUMEIRAH BEACH RESIDENCE,Unit,3 B/R,83479.71,14300000.0,2650000.0,175.98
JUMEIRAH BEACH RESIDENCE,Unit,4 B/R,3000000.0,26000000.0,5000000.0,271.39
JUMEIRAH BEACH RESIDENCE,Unit,5 B/R,80000000.0,80000000.0,80000000.0,1105.39
JUMEIRAH BEACH RESIDENCE,Unit,PENTHOUSE,1540000.0,9500000.0,3837500.0,198.81
JUMEIRAH BEACH RESIDENCE,Unit,Studio,950000.0,1409000.0,1200000.0,66.4
JUMEIRAH GOLF,Building,3 B/R,1275322.0,4386000.0,3975000.0,140.315
JUMEIRAH GOLF,Building,5 B/R,20900000.0,20900000.0,20900000.0,517.38
JUMEIRAH GOLF,Building,6 B/R,25706040.0,41000000.0,38900000.0,804.19
JUMEIRAH GOLF,Unit,1 B/R,757000.0,1450000.0,991000.0,76.22
JUMEIRAH GOLF,Unit,2 B/R,1510000.0,2250000.0,1687500.0,127.28
JUMEIRAH GOLF,Unit,3 B/R,2000000.0,2800000.0,2330000.0,167.85
JUMEIRAH GOLF,Unit,4 B/R,3300000.0,4500000.0,4132500.0,268.19
JUMEIRAH HEIGHTS,Unit,2 B/R,2000000.0,3100000.0,2650000.0,196.96
JUMEIRAH HEIGHTS,Unit,3 B/R,2800000.0,3750000.0,3350000.0,244.485
JUMEIRAH LAKES TOWERS,Unit,1 B/R,24502.0,3725662.5,1400000.0,80.71
JUMEIRAH LAKES TOWERS,Unit,2 B/R,350000.0,6482515.03,2340000.0,124.21
JUMEIRAH LAKES TOWERS,Unit,3 B/R,550000.0,23654629.0,3075000.0,174.75
JUMEIRAH LAKES TOWERS,Unit,4 B/R,689654.5,11500000.0,790953.66,244.5
JUMEIRAH LAKES TOWERS,Unit,5 B/R,1427649.73,30000000.0,2100000.0,448.74
JUMEIRAH LAKES TOWERS,Unit,Office,120694.0,15500000.0,1333334.0,111.43
JUMEIRAH LAKES TOWERS,Unit,PENTHOUSE,1050000.0,6500000.0,3600000.0,419.83000000000004
JUMEIRAH LAKES TOWERS,Unit,Shop,437500.0,7119493.0,1398752.625,74.455
JUMEIRAH LAKES TOWERS,Unit,Studio,113763.77,1457000.0,759414.0,38.91
JUMEIRAH LIVING,Unit,1 B/R,1500000.0,3000000.0,2200000.0,75.36
JUMEIRAH LIVING,Unit,2 B/R,2034000.0,5000000.0,3525000.0,126.035
JUMEIRAH LIVING,Unit,3 B/R,4000000.0,9000000.0,7700000.0,203.58
JUMEIRAH LIVING,Unit,4 B/R,5734960.0,15255000.0,12000000.0,253.69
JUMEIRAH PARK,Building,4 B/R,1743725.0,4950000.0,4900000.0,226.45
JUMEIRAH VILLAGE CIRCLE,Building,2 B/R,1550000.0,3500000.0,2950000.0,174.22
JUMEIRAH VILLAGE CIRCLE,Building,3 B/R,1650000.0,4500000.0,2757500.0,158.6
JUMEIRAH VILLAGE CIRCLE,Building,4 B/R,1445000.0,5000000.0,3300000.0,187.38
JUMEIRAH VILLAGE CIRCLE,Building,5 B/R,2100000.0,3600000.0,2275000.0,241.89
JUMEIRAH VILLAGE CIRCLE,Unit,1 B/R,4150.0,3950000.0,940000.0,72.55
JUMEIRAH VILLAGE CIRCLE,Unit,2 B/R,400000.0,3650436.0,1450000.0,113.46
JUMEIRAH VILLAGE CIRCLE,Unit,3 B/R,285000.0,4687500.0,1880470.0,145.07
JUMEIRAH VILLAGE CIRCLE,Unit,4 B/R,1882719.0,6821421.0,3810594.0,421.21500000000003
JUMEIRAH VILLAGE CIRCLE,Unit,Office,710973.0,1396550.0,1091845.0,148.83
JUMEIRAH VILLAGE CIRCLE,Unit,PENTHOUSE,1300000.0,2500000.0,1850000.0,314.615
JUMEIRAH VILLAGE CIRCLE,Unit,Shop,750000.0,11000000.0,1635500.0,108.905
JUMEIRAH VILLAGE CIRCLE,Unit,Studio,2068.0,2100000.0,631112.0,38.29
JUMEIRAH VILLAGE TRIANGLE,Building,3 B/R,2000000.0,2000000.0,2000000.0,126.79
JUMEIRAH VILLAGE TRIANGLE,Unit,1 B/R,181891.15,2164753.0,949296.0,65.95
JUMEIRAH VILLAGE TRIANGLE,Unit,2 B/R,387407.12,2599631.65,1369436.885,103.235
JUMEIRAH VILLAGE TRIANGLE,Unit,3 B/R,1150000.0,3274222.0,2373981.0,171.97500000000002
JUMEIRAH VILLAGE TRIANGLE,Unit,4 B/R,3573703.0,3573703.0,3573703.0,257.65
JUMEIRAH VILLAGE TRIANGLE,Unit,PENTHOUSE,631250.0,631250.0,631250.0,91.69
JUMEIRAH VILLAGE TRIANGLE,Unit,Studio,185745.2,1470000.0,577000.0,35.38
Jabal Ali First,Unit,1 B/R,260000.0,1537974.0,990000.0,74.3
Jabal Ali First,Unit,2 B/R,650000.0,2616000.0,1504000.0,115.52
Jabal Ali First,Unit,3 B/R,1130000.0,3862000.0,2288000.0,162.67
Jabal Ali First,Unit,Studio,450000.0,886464.0,645000.0,37.09
Jumeirah First,Unit,1 B/R,1940000.0,2900000.0,2450000.0,74.35499999999999
Jumeirah First,Unit,2 B/R,3300000.0,6000000.0,3980000.0,118.34
Jumeirah First,Unit,3 B/R,5643000.0,5643000.0,5643000.0,155.96
Jumeirah First,Unit,4 B/R,13300000.0,20250000.0,19452000.0,361.42
Jumeirah First,Unit,5 B/R,29073000.0,29073000.0,29073000.0,675.23
Jumeirah Second,Unit,6 B/R,65000000.0,65000000.0,65000000.0,1050.02
LA MER,Building,3 B/R,4000000.0,12000000.0,9075000.0,262.95
LA MER,Building,4 B/R,11000000.0,16450000.0,13500000.0,436.86
LA MER,Building,5 B/R,20150000.0,24000000.0,22500000.0,614.65
LA MER,Unit,1 B/R,444444.0,3300000.0,2095000.0,74.42500000000001
LA MER,Unit,2 B/R,2565000.0,4950000.0,3400000.0,112.995
LA MER,Unit,3 B/R,5700000.0,8200000.0,7000000.0,189.06
LA MER,Unit,4 B/R,10200000.0,12900000.0,11625000.0,275.455
LIVING LEGENDS,Building,1 B/R,1100000.0,1222944.0,1161472.0,121.375
LIVING LEGENDS,Building,2 B/R,1920000.0,2250000.0,1970000.0,149.94
LIVING LEGENDS,Building,3 B/R,1600000.0,2800000.0,2320810.0,204.3
LIVING LEGENDS,Unit,1 B/R,540000.0,1635000.0,645000.0,85.975
LIVING LEGENDS,Unit,2 B/R,800000.0,2750000.0,1024041.0,141.435
LIVING LEGENDS,Unit,3 B/R,973000.0,1450000.0,1317500.0,169.38
LIVING LEGENDS,Unit,4 B/R,1897417.0,2700000.0,2400000.0,372.06
LIVING LEGENDS,Unit,Studio,200000.0,460000.0,385000.0,45.46
LIWAN,Building,2 B/R,2000000.0,2000000.0,2000000.0,209.88
LIWAN,Building,3 B/R,1400000.0,1400000.0,1400000.0,206.12
LIWAN,Unit,1 B/R,300000.0,1060000.0,691275.0,75.16
LIWAN,Unit,2 B/R,471512.0,1795000.0,1245000.0,122.09
LIWAN,Unit,3 B/R,760000.0,1250000.0,970000.0,161.82999999999998
LIWAN,Unit,Studio,313300.0,520000.0,430000.0,37.8
MAJAN,Unit,1 B/R,623100.0,1366365.0,958805.5,70.8
MAJAN,Unit,2 B/R,752977.2,2348060.0,1306812.5,111.0
MAJAN,Unit,3 B/R,1017797.0,3352428.0,1800000.0,207.985
MAJAN,Unit,4 B/R,3800000.0,3800000.0,3800000.0,436.68
MAJAN,Unit,Studio,325000.0,925129.8,685000.0,39.08
MARSA AL ARAB,Unit,3 B/R,16661800.0,55000000.0,35830900.0,250.25
MBR DISTRICT 1,Unit,1 B/R,597781.0,3402790.0,1630000.0,71.28
MBR DISTRICT 1,Unit,2 B/R,601690.0,4400000.0,3000000.0,128.19
MBR DISTRICT 1,Unit,3 B/R,2738900.0,6300000.0,4307890.605,177.97500000000002
MBR DISTRICT 1,Unit,4 B/R,6458800.0,10198800.0,7300000.0,307.66
MBR DISTRICT 7,Building,2 B/R,1600000.0,3100000.0,2400000.0,111.78
MBR DISTRICT 7,Building,3 B/R,1000000.0,4450000.0,3175000.0,135.68
MBR DISTRICT 7,Building,4 B/R,2780000.0,5900000.0,4800000.0,320.19
MBR DISTRICT 7,Unit,1 B/R,817200.0,1685600.0,1300000.0,74.08
MBR DISTRICT 7,Unit,2 B/R,1600000.0,2200000.0,1900000.0,117.8
MBR DISTRICT 7,Unit,Studio,240000.0,896280.0,657500.0,38.355000000000004
MEYDAN AVENUE,Unit,1 B/R,507360.0,2256135.59,999000.0,68.75
MEYDAN AVENUE,Unit,2 B/R,611466.0,3360417.78,1543640.0,107.75
MEYDAN AVENUE,Unit,3 B/R,2651420.0,4252175.39,3828195.285,203.19
MEYDAN AVENUE,Unit,4 B/R,10005433.61,10549633.0,10277533.305,409.165
MEYDAN ONE,Unit,1 B/R,412230.0,2832060.0,966195.0,53.59
MEYDAN ONE,Unit,2 B/R,704319.0,3865060.0,1769827.5,82.78999999999999
MEYDAN ONE,Unit,3 B/R,1300000.0,5181605.0,1655062.5,103.035
MEYDAN ONE,Unit,Studio,248000.0,1692405.0,600000.0,31.6
MINA RASHID,Unit,1 B/R,1420000.0,1750000.0,1552888.0,65.55
MINA RASHID,Unit,2 B/R,857445.0,3610888.0,2422944.0,107.51
MINA RASHID,Unit,3 B/R,3900000.0,4890888.0,4187500.0,152.76
MIRA,Building,3 B/R,1611985.0,4600000.0,2650000.0,243.055
MIRA,Building,4 B/R,2200000.0,4200000.0,3400000.0,307.69
MOTOR CITY,Building,3 B/R,3500000.0,6250000.0,5000000.0,400.0
MOTOR CITY,Building,4 B/R,3800000.0,10500000.0,4500000.0,314.18
MOTOR CITY,Building,5 B/R,5619496.0,12750000.0,6100000.0,450.02
MOTOR CITY,Unit,1 B/R,93700.0,1456540.0,1050742.0,59.36
MOTOR CITY,Unit,2 B/R,823081.08,2037717.0,1400000.0,142.24
MOTOR CITY,Unit,3 B/R,1247654.57,4520000.0,2000000.0,238.62
MOTOR CITY,Unit,4 B/R,2450000.0,3010000.0,2662500.0,232.47
MOTOR CITY,Unit,Office,525000.0,27449619.6,3091660.0,303.04
MOTOR CITY,Unit,Studio,424188.15,680000.0,522944.0,57.88
MUDON,Unit,1 B/R,700000.0,1100000.0,850000.0,63.99
MUDON,Unit,2 B/R,1200000.0,1770000.0,1422500.0,98.57
MUDON,Unit,3 B/R,1900000.0,1950000.0,1925000.0,158.74
Madinat Al Mataar,Building,3 B/R,650000.0,4450000.0,3050888.0,172.51
Madinat Al Mataar,Building,4 B/R,1924888.0,7194000.0,3675369.0,321.78
Madinat Al Mataar,Building,5 B/R,2935000.0,12500000.0,4750000.0,392.0
Madinat Al Mataar,Building,6 B/R,15500000.0,17000000.0,16500000.0,800.0
Madinat Al Mataar,Building,7 B/R,19500000.0,22500000.0,20000000.0,1085.51
Madinat Al Mataar,Unit,1 B/R,845500.0,2088450.0,1080000.0,66.95
Madinat Al Mataar,Unit,2 B/R,375000.0,3060000.0,2499500.0,127.29
Madinat Al Mataar,Unit,3 B/R,1986000.0,4960304.0,3689850.5,185.89
Madinat Al Mataar,Unit,4 B/R,7133906.0,7651000.0,7392453.0,358.935
Madinat Al Mataar,Unit,Studio,300000.0,892400.0,615000.0,32.11
Madinat Dubai Almelaheyah,Unit,1 B/R,796944.0,2791888.0,1763888.0,73.98
Madinat Dubai Almelaheyah,Unit,2 B/R,2050000.0,4541888.0,2701127.0,117.94
Madinat Dubai Almelaheyah,Unit,3 B/R,3029888.0,8789888.0,4662888.0,157.15
Madinat Dubai Almelaheyah,Unit,4 B/R,9079888.0,9764888.0,9283388.0,273.06
Madinat Hind 4,Unit,1 B/R,300000.0,1023724.12,671000.0,51.45
Madinat Hind 4,Unit,2 B/R,650000.0,1490000.0,974000.0,76.63
Madinat Hind 4,Unit,Studio,177000.0,635000.0,395000.0,38.84
Marsa Dubai,Unit,1 B/R,2050000.0,7465056.19,3764770.0,80.845
Marsa Dubai,Unit,2 B/R,58470.0,12339000.0,6829862.0,154.33
Marsa Dubai,Unit,3 B/R,855000.0,25533056.0,9526030.0,221.1
Marsa Dubai,Unit,4 B/R,14000000.0,32995593.0,23000000.0,438.44
Marsa Dubai,Unit,5 B/R,29948000.0,48365000.0,36158000.0,643.81
Marsa Dubai,Unit,6 B/R,54000000.0,54000000.0,54000000.0,1309.34
Marsa Dubai,Unit,Studio,1850000.0,5933615.0,3608732.38,74.36500000000001
Me'Aisem First,Building,3 B/R,3800000.0,6000000.0,4510000.0,177.55
Me'Aisem First,Building,4 B/R,5810000.0,7250000.0,6300000.0,261.025
Me'Aisem First,Building,5 B/R,7700000.0,8100000.0,7900000.0,262.0
Me'Aisem First,Building,6 B/R,7220000.0,8574000.0,7350000.0,226.58
Mirdif,Building,2 B/R,2734200.0,2900000.0,2817100.0,185.70999999999998
Mirdif,Building,3 B/R,2300000.0,4500000.0,2550000.0,223.16500000000002
Mirdif,Building,4 B/R,4900000.0,4900000.0,4900000.0,414.18
Mirdif,Unit,1 B/R,650000.0,2191527.19,1308262.5,101.03
Mirdif,Unit,2 B/R,810000.0,2806955.0,1751394.0,140.4
Mirdif,Unit,3 B/R,1800000.0,3841141.06,2485492.5,211.825
Mirdif,Unit,4 B/R,2822879.79,4147346.0,3563616.0,280.25
Mirdif,Unit,Shop,443549.0,9225016.0,625571.5,35.144999999999996
Mirdif,Unit,Studio,415000.0,1247686.0,589036.46,53.535
Muhaisanah First,Unit,1 B/R,911514.0,1494720.0,1253826.0,89.47
Muhaisanah First,Unit,2 B/R,1335402.0,2300000.0,1900000.0,134.69
Muhaisanah First,Unit,3 B/R,2035346.0,2900000.0,2537500.0,200.77
NAD AL SHEBA GARDENS,Building,2 B/R,4393000.0,5081120.0,4737060.0,235.1
NAD AL SHEBA GARDENS,Building,3 B/R,4725300.0,6260160.0,5117310.0,215.82
Nad Al Hamar,Unit,1 B/R,812000.0,930000.0,860000.0,79.03
Nad Al Hamar,Unit,2 B/R,1260000.0,1500000.0,1402500.0,135.56
Nad Al Shiba First,Building,2 B/R,3800000.0,5067840.0,4111830.0,162.34
Nad Al Shiba First,Building,3 B/R,3948000.0,7250000.0,4737000.0,182.11
PALM DEIRA,Unit,1 B/R,1124672.0,2695000.0,1723524.605,82.1
PALM DEIRA,Unit,2 B/R,2098283.0,4544100.0,2580000.0,126.48
PALM DEIRA,Unit,3 B/R,2447282.0,6179981.47,2853559.0,138.35
PALM DEIRA,Unit,Studio,1301520.0,1438729.49,1370124.745,63.51
PALM JUMEIRAH,Building,4 B/R,27100000.0,27100000.0,27100000.0,642.8
PALM JUMEIRAH,Building,5 B/R,45000000.0,45000000.0,45000000.0,412.76
PALM JUMEIRAH,Building,6 B/R,102500000.0,203000000.0,105000000.0,2335.86
PALM JUMEIRAH,Building,7 B/R,170500000.0,170500000.0,170500000.0,2267.48
PALM JUMEIRAH,Unit,1 B/R,1200000.0,5600000.0,2543510.53,106.34
PALM JUMEIRAH,Unit,2 B/R,61957.0,29500000.0,4025000.0,165.10500000000002
PALM JUMEIRAH,Unit,3 B/R,1550000.0,50495125.0,6360550.0,227.74
PALM JUMEIRAH,Unit,4 B/R,3650000.0,81009550.0,23750000.0,588.66
PALM JUMEIRAH,Unit,5 B/R,17300000.0,275000000.0,31000000.0,1294.63
PALM JUMEIRAH,Unit,PENTHOUSE,6218493.0,18500000.0,10800000.0,412.69
PALM JUMEIRAH,Unit,Studio,506559.0,2375000.0,1390000.0,46.19
PEARL JUMEIRA,Unit,1 B/R,200000.0,3900000.0,2050000.0,123.86000000000001
PEARL JUMEIRA,Unit,2 B/R,7500000.0,7500000.0,7500000.0,191.46
PEARL JUMEIRA,Unit,3 B/R,10000000.0,10000000.0,10000000.0,233.91
PEARL JUMEIRA,Unit,4 B/R,15800000.0,15800000.0,15800000.0,408.65
Palm Deira,Unit,1 B/R,1235000.0,3748800.0,2350000.0,92.66
Palm Deira,Unit,2 B/R,1715000.0,11608800.0,3415500.0,139.82
Palm Deira,Unit,3 B/R,2832220.0,14058800.0,6438800.0,227.71
Palm Deira,Unit,4 B/R,3962422.04,19018800.0,16368800.0,712.85
Palm Jumeirah,Unit,4 B/R,68262036.0,78630979.0,73096326.0,757.03
Port Saeed,Unit,Office,1000000.0,3060000.0,1540000.0,74.73
REMRAAM,Unit,1 B/R,263000.0,821000.0,550000.0,70.14
REMRAAM,Unit,2 B/R,50955.29,1518318.5,872500.0,101.625
REMRAAM,Unit,3 B/R,774912.0,2190500.0,1313750.0,204.97
REMRAAM,Unit,Studio,67655.0,550000.0,391500.0,43.49
RUKAN,Building,1 B/R,395000.0,1100000.0,870000.0,73.92
RUKAN,Building,2 B/R,1250000.0,1850000.0,1400000.0,123.75
RUKAN,Building,3 B/R,1500000.0,2400000.0,2130000.0,176.0
RUKAN,Building,4 B/R,2730000.0,2730000.0,2730000.0,247.5
Ras Al Khor Industrial First,Unit,1 B/R,1000000.0,2224943.0,1573232.0,67.34
Ras Al Khor Industrial First,Unit,2 B/R,1635000.0,4187142.0,2341999.0,102.33500000000001
Ras Al Khor Industrial First,Unit,3 B/R,3390903.0,6492295.0,4068375.0,179.18
Ras Al Khor Industrial First,Unit,4 B/R,4539954.0,8040384.0,4897334.0,212.735
Ras Al Khor Industrial First,Unit,5 B/R,8941968.0,11753424.0,10397040.0,402.46500000000003
Rega Al Buteen,Unit,2 B/R,1100000.0,1125000.0,1125000.0,142.05
Rega Al Buteen,Unit,3 B/R,904081.0,1600000.0,1414400.0,164.85500000000002
SERENA,Building,2 B/R,1720000.0,2230000.0,1950000.0,176.07
SERENA,Building,3 B/R,2000000.0,3750000.0,2615000.0,254.09
SERENA,Building,4 B/R,2000000.0,2000000.0,2000000.0,320.8
SILICON OASIS,Unit,1 B/R,189000.0,1194000.0,680000.0,74.85
SILICON OASIS,Unit,2 B/R,273268.0,68700000.0,1208274.5,116.35
SILICON OASIS,Unit,3 B/R,314839.0,2850000.0,1651025.0,165.85500000000002
SILICON OASIS,Unit,Office,258197.0,1694000.0,781195.625,118.83500000000001
SILICON OASIS,Unit,Shop,400000.0,2900000.0,764760.0,112.51
SILICON OASIS,Unit,Studio,177713.77,68700000.0,405000.0,41.74
SOBHA HEARTLAND,Building,4 B/R,6380000.0,7100000.0,6718000.0,222.18
SOBHA HEARTLAND,Unit,1 B/R,699828.0,2459316.0,1354700.0,66.08
SOBHA HEARTLAND,Unit,2 B/R,681801.0,4135194.0,2232294.48,111.38
SOBHA HEARTLAND,Unit,3 B/R,1700000.0,4633533.0,3222426.5,152.67
SOBHA HEARTLAND,Unit,4 B/R,3900982.0,12780828.0,4474158.0,218.76999999999998
SOBHA HEARTLAND,Unit,Shop,1563000.0,2500000.0,2350000.0,74.85499999999999
SOBHA HEARTLAND,Unit,Studio,594828.0,1216828.0,877000.0,45.03
SUFOUH GARDENS,Unit,1 B/R,875000.0,2366212.48,1823120.82,70.99
SUFOUH GARDENS,Unit,2 B/R,1410000.0,8644365.0,2620801.26,116.76
SUFOUH GARDENS,Unit,3 B/R,2130000.0,12695497.0,2750000.0,174.17
SUFOUH GARDENS,Unit,Studio,750000.0,750000.0,750000.0,45.01
SUSTAINABLE CITY,Building,3 B/R,2781313.0,4700000.0,4195000.0,195.46499999999997
SUSTAINABLE CITY,Building,4 B/R,3000000.0,6300000.0,4650000.0,216.77
TECOM SITE A,Unit,1 B/R,1800000.0,4380139.78,2976000.0,87.91
TECOM SITE A,Unit,2 B/R,2808000.0,12000000.0,4549000.0,147.07
TECOM SITE A,Unit,3 B/R,3800000.0,18264000.0,6224000.0,190.6
TECOM SITE A,Unit,4 B/R,15000000.0,18707400.0,17081095.5,447.24
TECOM SITE A,Unit,5 B/R,13468800.0,35000000.0,24234400.0,807.895
TECOM SITE D,Unit,1 B/R,1571888.0,2654710.0,2180888.0,72.39
TECOM SITE D,Unit,2 B/R,2689888.0,2689888.0,2689888.0,96.68
TECOM SITE D,Unit,Studio,1185888.0,1831888.0,1514888.0,49.675
THE FIELD,Building,3 B/R,1500000.0,4705000.0,3060000.0,187.2
THE FIELD,Building,4 B/R,2000000.0,6900000.0,3700000.0,191.4
THE GREENS,Unit,1 B/R,69258.25,2295000.0,1200000.0,71.31
THE GREENS,Unit,2 B/R,91421.14,3200000.0,2200000.0,128.02
THE GREENS,Unit,3 B/R,863800.0,5700000.0,2900000.0,169.41500000000002
THE GREENS,Unit,4 B/R,3000000.0,3580000.0,3316500.0,226.385
THE GREENS,Unit,Office,994000.0,5050000.0,3137500.0,96.46
THE GREENS,Unit,PENTHOUSE,4050000.0,4050000.0,4050000.0,230.02
THE GREENS,Unit,Shop,1245000.0,1810000.0,1527500.0,113.035
THE GREENS,Unit,Studio,510000.0,1015000.0,750000.0,42.11
THE LAKES,Building,2 B/R,3675000.0,3675000.0,3675000.0,313.31
THE LAKES,Building,3 B/R,4100000.0,8250000.0,5290000.0,301.97
THE LAKES,Unit,1 B/R,130590.0,3030888.0,1750000.0,81.7
THE LAKES,Unit,2 B/R,2052500.0,4283888.0,2900000.0,119.12
THE LAKES,Unit,3 B/R,66158.0,6200000.0,4415000.0,179.29
THE LAKES,Unit,5 B/R,12000000.0,12200000.0,12100000.0,586.975
THE VALLEY,Building,3 B/R,850000.0,2700000.0,2200000.0,174.0
THE VALLEY,Building,4 B/R,400000.0,3600000.0,2710000.0,257.52
THE WORLD,Building,5 B/R,44362500.0,70500000.0,47500000.0,3046.39
THE WORLD,Building,6 B/R,61000000.0,79000000.0,68000000.0,3610.23
THE WORLD,Unit,Studio,650000.0,2698165.0,1500000.0,37.76
TILAL AL GHAF,Building,3 B/R,2500000.0,3700000.0,3000000.0,140.43
TILAL AL GHAF,Building,4 B/R,3150000.0,4800000.0,3687500.0,202.825
TOWN SQUARE,Building,3 B/R,800000.0,2600000.0,2287500.0,190.82
TOWN SQUARE,Building,4 B/R,2000000.0,3750000.0,2790000.0,271.29499999999996
TOWN SQUARE,Unit,1 B/R,450000.0,1006359.0,766888.0,60.64
TOWN SQUARE,Unit,2 B/R,430000.0,1600000.0,1123888.0,90.03
TOWN SQUARE,Unit,3 B/R,320222.0,2200000.0,1550000.0,131.9
TOWN SQUARE,Unit,4 B/R,1517000.0,2350000.0,2100000.0,215.24
TOWN SQUARE,Unit,Studio,349888.0,760000.0,460000.0,30.58
Trade Center First,Unit,Office,1735000.0,7000000.0,3164515.0,130.95
Trade Center Second,Unit,1 B/R,1200000.0,2050000.0,1550000.0,112.505
Trade Center Second,Unit,2 B/R,1500000.0,3100000.0,2775000.0,187.015
Trade Center Second,Unit,3 B/R,3500000.0,5950000.0,4300000.0,272.53
Trade Center Second,Unit,4 B/R,3550000.0,7000000.0,6012500.0,361.995
Um Suqaim Third,Unit,1 B/R,20000.0,3044000.0,2484000.0,68.92
Um Suqaim Third,Unit,2 B/R,2400000.0,4861000.0,3556000.0,131.47
Um Suqaim Third,Unit,3 B/R,4600000.0,7196000.0,6350000.0,179.74
Um Suqaim Third,Unit,4 B/R,8107000.0,11999000.0,8700000.0,276.35
VILLANOVA,Building,2 B/R,1472000.0,2100000.0,1950000.0,162.43
VILLANOVA,Building,3 B/R,550000.0,3000000.0,2350000.0,161.34
VILLANOVA,Building,4 B/R,1955000.0,4400000.0,3062500.0,241.51999999999998
Wadi Al Safa 2,Building,2 B/R,779587.0,1467000.0,1227499.0,90.64
Wadi Al Safa 2,Building,4 B/R,1219758.0,2470000.0,1756646.0,90.64
Wadi Al Safa 2,Unit,1 B/R,773760.0,882000.0,797050.0,61.34
Wadi Al Safa 2,Unit,2 B/R,905350.0,980400.0,919600.0,69.24
Wadi Al Safa 2,Unit,Studio,495900.0,539000.0,510150.0,33.47
Wadi Al Safa 3,Building,3 B/R,1592683.0,1941219.0,1865544.0,134.71
Wadi Al Safa 3,Building,4 B/R,2806627.0,19255828.0,6300000.0,247.0
Wadi Al Safa 3,Building,5 B/R,4940000.0,26149828.0,14260000.0,446.87
Wadi Al Safa 3,Building,6 B/R,12770000.0,39775828.0,36230328.0,845.285
Wadi Al Safa 3,Unit,1 B/R,450000.0,1470610.54,1143777.0,80.49
Wadi Al Safa 3,Unit,2 B/R,780000.0,2493777.0,1700000.0,124.49
Wadi Al Safa 3,Unit,3 B/R,1150000.0,2924194.56,2545873.0,182.52
Wadi Al Safa 3,Unit,Studio,370000.0,620000.0,434231.0,47.56
Wadi Al Safa 4,Building,3 B/R,1850000.0,4900000.0,3467500.0,280.96000000000004
Wadi Al Safa 4,Building,4 B/R,4100000.0,5383500.0,4741750.0,343.23
Wadi Al Safa 4,Building,5 B/R,3500000.0,5850000.0,5100000.0,325.21
Wadi Al Safa 4,Unit,1 B/R,1211000.0,1656000.0,1353500.0,69.13
Wadi Al Safa 4,Unit,2 B/R,2003000.0,3421000.0,2296500.0,123.48
Wadi Al Safa 4,Unit,3 B/R,3004000.0,4798000.0,3381000.0,175.39
Wadi Al Safa 5,Building,3 B/R,1081944.0,3322441.0,2797475.0,168.625
Wadi Al Safa 5,Building,4 B/R,40000.0,4900000.0,3790013.0,274.45
Wadi Al Safa 5,Building,5 B/R,3949888.0,5400000.0,4800000.0,420.0
Wadi Al Safa 5,Unit,1 B/R,982700.0,1512414.0,1193298.0,74.55
Wadi Al Safa 5,Unit,2 B/R,1670742.0,3965556.0,1906167.0,128.56
Wadi Al Safa 5,Unit,3 B/R,2550700.0,3002800.0,2780800.0,182.33
Wadi Al Safa 7,Building,1 B/R,316250.0,965000.0,703715.0,53.7
Wadi Al Safa 7,Building,2 B/R,472112.0,1739985.0,930959.5,88.0
Wadi Al Safa 7,Building,3 B/R,634500.0,2430491.0,1698000.0,170.0
Wadi Al Safa 7,Building,4 B/R,660000.0,2400000.0,1316992.0,88.0
Wadi Al Safa 7,Unit,1 B/R,216200.0,820000.0,489800.0,47.41
Wadi Al Safa 7,Unit,2 B/R,443550.0,1259100.0,714775.5,79.675
Wadi Al Safa 7,Unit,3 B/R,1240200.0,1294200.0,1246950.0,130.83
Wadi Al Safa 7,Unit,Studio,181594.0,590000.0,377500.0,39.235
Warsan First,Unit,1 B/R,510000.0,845000.0,680000.0,59.07
Warsan First,Unit,2 B/R,755650.0,1350000.0,1078000.0,101.95
Warsan First,Unit,4 B/R,2772260.0,2772260.0,2772260.0,284.38
Warsan First,Unit,Studio,290700.0,505000.0,432500.0,36.405
Zaabeel First,Unit,1 B/R,1800000.0,53000000.0,2132888.0,70.91
Zaabeel First,Unit,2 B/R,363789.0,15500000.0,3497888.0,130.88
Zaabeel First,Unit,3 B/R,2287444.0,22500000.0,4644388.0,170.71
Zaabeel First,Unit,4 B/R,13259891.0,15146888.0,13691388.0,490.06
Zaabeel Second,Unit,1 B/R,656944.0,2450000.0,1900000.0,69.13
Zaabeel Second,Unit,2 B/R,812500.0,3900000.0,2900000.0,108.42
Zaabeel Second,Unit,3 B/R,3100000.0,6050000.0,4725000.0,159.34
Zaabeel Second,Unit,4 B/R,7038000.0,10600000.0,7600000.0,242.4
